ISO,Code,flag,name
AC,+247,,Ascension Island
AD,+376,ğŸ‡¦ğŸ‡©,Andorra
AE,+971,ğŸ‡¦ğŸ‡ª,United Arab Emirates
AF,+93,ğŸ‡¦ğŸ‡«,Afghanistan
AG,+1 268,ğŸ‡¦ğŸ‡¬,Antigua And Barbuda
AI,+1 264,ğŸ‡¦ğŸ‡®,Anguilla
AL,+355,ğŸ‡¦ğŸ‡±,Albania
AM,+374,ğŸ‡¦ğŸ‡²,Armenia
AO,+244,ğŸ‡¦ğŸ‡´,Angola
AQ,+672,ğŸ‡¦ğŸ‡¶,Antarctica
AR,+54,ğŸ‡¦ğŸ‡·,Argentina
AS,+1 684,ğŸ‡¦ğŸ‡¸,American Samoa
AT,+43,ğŸ‡¦ğŸ‡¹,Austria
AU,+61,ğŸ‡¦ğŸ‡º,Australia
AW,+297,ğŸ‡¦ğŸ‡¼,Aruba
AX,+358,ğŸ‡¦ğŸ‡½,Ã…land Islands
AZ,+994,ğŸ‡¦ğŸ‡¿,Azerbaijan
BA,+387,ğŸ‡§ğŸ‡¦,Bosnia & Herzegovina
BB,+1 246,ğŸ‡§ğŸ‡§,Barbados
BD,+880,ğŸ‡§ğŸ‡©,Bangladesh
BE,+32,ğŸ‡§ğŸ‡ª,Belgium
BF,+226,ğŸ‡§ğŸ‡«,Burkina Faso
BG,+359,ğŸ‡§ğŸ‡¬,Bulgaria
BH,+973,ğŸ‡§ğŸ‡­,Bahrain
BI,+257,ğŸ‡§ğŸ‡®,Burundi
BJ,+229,ğŸ‡§ğŸ‡¯,Benin
BL,+590,ğŸ‡§ğŸ‡±,Saint BarthÃ©lemy
BM,+1 441,ğŸ‡§ğŸ‡²,Bermuda
BN,+673,ğŸ‡§ğŸ‡³,Brunei Darussalam
BO,+591,ğŸ‡§ğŸ‡´,Bolivia, Plurinational State Of
BQ,+599,ğŸ‡§ğŸ‡¶,Bonaire, Saint Eustatius And Saba
BR,+55,ğŸ‡§ğŸ‡·,Brazil
BS,+1 242,ğŸ‡§ğŸ‡¸,Bahamas
BT,+975,ğŸ‡§ğŸ‡¹,Bhutan
BW,+267,ğŸ‡§ğŸ‡¼,Botswana
BY,+375,ğŸ‡§ğŸ‡¾,Belarus
BZ,+501,ğŸ‡§ğŸ‡¿,Belize
CA,+1,ğŸ‡¨ğŸ‡¦,Canada
CC,+61,ğŸ‡¨ğŸ‡¨,Cocos (Keeling) Islands
CD,+243,ğŸ‡¨ğŸ‡©,Democratic Republic Of Congo
CF,+236,ğŸ‡¨ğŸ‡«,Central African Republic
CG,+242,ğŸ‡¨ğŸ‡¬,Republic Of Congo
CH,+41,ğŸ‡¨ğŸ‡­,Switzerland
CI,+225,ğŸ‡¨ğŸ‡®,CÃ´te d'Ivoire
CK,+682,ğŸ‡¨ğŸ‡°,Cook Islands
CL,+56,ğŸ‡¨ğŸ‡±,Chile
CM,+237,ğŸ‡¨ğŸ‡²,Cameroon
CN,+86,ğŸ‡¨ğŸ‡³,China
CO,+57,ğŸ‡¨ğŸ‡´,Colombia
CR,+506,ğŸ‡¨ğŸ‡·,Costa Rica
CU,+53,ğŸ‡¨ğŸ‡º,Cuba
CV,+238,ğŸ‡¨ğŸ‡»,Cabo Verde
CW,+599,ğŸ‡¨ğŸ‡¼,Curacao
CX,+61,ğŸ‡¨ğŸ‡½,Christmas Island
CY,+357,ğŸ‡¨ğŸ‡¾,Cyprus
CZ,+420,ğŸ‡¨ğŸ‡¿,Czech Republic
DE,+49,ğŸ‡©ğŸ‡ª,Germany
DJ,+253,ğŸ‡©ğŸ‡¯,Djibouti
DK,+45,ğŸ‡©ğŸ‡°,Denmark
DM,+1 767,ğŸ‡©ğŸ‡²,Dominica
DO,+1 809,+1 829,+1 849,ğŸ‡©ğŸ‡´,Dominican Republic
DZ,+213,ğŸ‡©ğŸ‡¿,Algeria
EC,+593,ğŸ‡ªğŸ‡¨,Ecuador
EE,+372,ğŸ‡ªğŸ‡ª,Estonia
EG,+20,ğŸ‡ªğŸ‡¬,Egypt
EH,+212,ğŸ‡ªğŸ‡­,Western Sahara
ER,+291,ğŸ‡ªğŸ‡·,Eritrea
ES,+34,ğŸ‡ªğŸ‡¸,Spain
ET,+251,ğŸ‡ªğŸ‡¹,Ethiopia
EU,+388,ğŸ‡ªğŸ‡º,European Union
FI,+358,ğŸ‡«ğŸ‡®,Finland
FJ,+679,ğŸ‡«ğŸ‡¯,Fiji
FK,+500,ğŸ‡«ğŸ‡°,Falkland Islands
FM,+691,ğŸ‡«ğŸ‡²,Micronesia, Federated States Of
FO,+298,ğŸ‡«ğŸ‡´,Faroe Islands
FR,+33,ğŸ‡«ğŸ‡·,France
FX,+241,,France, Metropolitan
GA,+241,ğŸ‡¬ğŸ‡¦,Gabon
GB,+44,ğŸ‡¬ğŸ‡§,United Kingdom
GD,+473,ğŸ‡¬ğŸ‡©,Grenada
GE,+995,ğŸ‡¬ğŸ‡ª,Georgia
GF,+594,ğŸ‡¬ğŸ‡«,French Guiana
GG,+44,ğŸ‡¬ğŸ‡¬,Guernsey
GH,+233,ğŸ‡¬ğŸ‡­,Ghana
GI,+350,ğŸ‡¬ğŸ‡®,Gibraltar
GL,+299,ğŸ‡¬ğŸ‡±,Greenland
GM,+220,ğŸ‡¬ğŸ‡²,Gambia
GN,+224,ğŸ‡¬ğŸ‡³,Guinea
GP,+590,ğŸ‡¬ğŸ‡µ,Guadeloupe
GQ,+240,ğŸ‡¬ğŸ‡¶,Equatorial Guinea
GR,+30,ğŸ‡¬ğŸ‡·,Greece
GT,+502,ğŸ‡¬ğŸ‡¹,Guatemala
GU,+1 671,ğŸ‡¬ğŸ‡º,Guam
GW,+245,ğŸ‡¬ğŸ‡¼,Guinea-bissau
GY,+592,ğŸ‡¬ğŸ‡¾,Guyana
HK,+852,ğŸ‡­ğŸ‡°,Hong Kong
HN,+504,ğŸ‡­ğŸ‡³,Honduras
HR,+385,ğŸ‡­ğŸ‡·,Croatia
HT,+509,ğŸ‡­ğŸ‡¹,Haiti
HU,+36,ğŸ‡­ğŸ‡º,Hungary
ID,+62,ğŸ‡®ğŸ‡©,Indonesia
IE,+353,ğŸ‡®ğŸ‡ª,Ireland
IL,+972,ğŸ‡®ğŸ‡±,Israel
IM,+44,ğŸ‡®ğŸ‡²,Isle Of Man
IN,+91,ğŸ‡®ğŸ‡³,India
IO,+246,ğŸ‡®ğŸ‡´,British Indian Ocean Territory
IQ,+964,ğŸ‡®ğŸ‡¶,Iraq
IR,+98,ğŸ‡®ğŸ‡·,Iran, Islamic Republic Of
IS,+354,ğŸ‡®ğŸ‡¸,Iceland
IT,+39,ğŸ‡®ğŸ‡¹,Italy
JE,+44,ğŸ‡¯ğŸ‡ª,Jersey
JM,+1 876,ğŸ‡¯ğŸ‡²,Jamaica
JO,+962,ğŸ‡¯ğŸ‡´,Jordan
JP,+81,ğŸ‡¯ğŸ‡µ,Japan
KE,+254,ğŸ‡°ğŸ‡ª,Kenya
KG,+996,ğŸ‡°ğŸ‡¬,Kyrgyzstan
KH,+855,ğŸ‡°ğŸ‡­,Cambodia
KI,+686,ğŸ‡°ğŸ‡®,Kiribati
KM,+269,ğŸ‡°ğŸ‡²,Comoros
KN,+1 869,ğŸ‡°ğŸ‡³,Saint Kitts And Nevis
KP,+850,ğŸ‡°ğŸ‡µ,Korea, Democratic People's Republic Of
KR,+82,ğŸ‡°ğŸ‡·,Korea, Republic Of
KW,+965,ğŸ‡°ğŸ‡¼,Kuwait
KY,+1 345,ğŸ‡°ğŸ‡¾,Cayman Islands
KZ,+7,+7 6,+7 7,ğŸ‡°ğŸ‡¿,Kazakhstan
LA,+856,ğŸ‡±ğŸ‡¦,Lao People's Democratic Republic
LB,+961,ğŸ‡±ğŸ‡§,Lebanon
LC,+1 758,ğŸ‡±ğŸ‡¨,Saint Lucia
LI,+423,ğŸ‡±ğŸ‡®,Liechtenstein
LK,+94,ğŸ‡±ğŸ‡°,Sri Lanka
LR,+231,ğŸ‡±ğŸ‡·,Liberia
LS,+266,ğŸ‡±ğŸ‡¸,Lesotho
LT,+370,ğŸ‡±ğŸ‡¹,Lithuania
LU,+352,ğŸ‡±ğŸ‡º,Luxembourg
LV,+371,ğŸ‡±ğŸ‡»,Latvia
LY,+218,ğŸ‡±ğŸ‡¾,Libya
MA,+212,ğŸ‡²ğŸ‡¦,Morocco
MC,+377,ğŸ‡²ğŸ‡¨,Monaco
MD,+373,ğŸ‡²ğŸ‡©,Moldova
ME,+382,ğŸ‡²ğŸ‡ª,Montenegro
MF,+590,ğŸ‡²ğŸ‡«,Saint Martin
MG,+261,ğŸ‡²ğŸ‡¬,Madagascar
MH,+692,ğŸ‡²ğŸ‡­,Marshall Islands
MK,+389,ğŸ‡²ğŸ‡°,Macedonia, The Former Yugoslav Republic Of
ML,+223,ğŸ‡²ğŸ‡±,Mali
MM,+95,ğŸ‡²ğŸ‡²,Myanmar
MN,+976,ğŸ‡²ğŸ‡³,Mongolia
MO,+853,ğŸ‡²ğŸ‡´,Macao
MP,+1 670,ğŸ‡²ğŸ‡µ,Northern Mariana Islands
MQ,+596,ğŸ‡²ğŸ‡¶,Martinique
MR,+222,ğŸ‡²ğŸ‡·,Mauritania
MS,+1 664,ğŸ‡²ğŸ‡¸,Montserrat
MT,+356,ğŸ‡²ğŸ‡¹,Malta
MU,+230,ğŸ‡²ğŸ‡º,Mauritius
MV,+960,ğŸ‡²ğŸ‡»,Maldives
MW,+265,ğŸ‡²ğŸ‡¼,Malawi
MX,+52,ğŸ‡²ğŸ‡½,Mexico
MY,+60,ğŸ‡²ğŸ‡¾,Malaysia
MZ,+258,ğŸ‡²ğŸ‡¿,Mozambique
NA,+264,ğŸ‡³ğŸ‡¦,Namibia
NC,+687,ğŸ‡³ğŸ‡¨,New Caledonia
NE,+227,ğŸ‡³ğŸ‡ª,Niger
NF,+672,ğŸ‡³ğŸ‡«,Norfolk Island
NG,+234,ğŸ‡³ğŸ‡¬,Nigeria
NI,+505,ğŸ‡³ğŸ‡®,Nicaragua
NL,+31,ğŸ‡³ğŸ‡±,Netherlands
NO,+47,ğŸ‡³ğŸ‡´,Norway
NP,+977,ğŸ‡³ğŸ‡µ,Nepal
NR,+674,ğŸ‡³ğŸ‡·,Nauru
NU,+683,ğŸ‡³ğŸ‡º,Niue
NZ,+64,ğŸ‡³ğŸ‡¿,New Zealand
OM,+968,ğŸ‡´ğŸ‡²,Oman
PA,+507,ğŸ‡µğŸ‡¦,Panama
PE,+51,ğŸ‡µğŸ‡ª,Peru
PF,+689,ğŸ‡µğŸ‡«,French Polynesia
PG,+675,ğŸ‡µğŸ‡¬,Papua New Guinea
PH,+63,ğŸ‡µğŸ‡­,Philippines
PK,+92,ğŸ‡µğŸ‡°,Pakistan
PL,+48,ğŸ‡µğŸ‡±,Poland
PM,+508,ğŸ‡µğŸ‡²,Saint Pierre And Miquelon
PN,+872,ğŸ‡µğŸ‡³,Pitcairn
PR,+1 787,+1 939,ğŸ‡µğŸ‡·,Puerto Rico
PS,+970,ğŸ‡µğŸ‡¸,Palestinian Territory, Occupied
PT,+351,ğŸ‡µğŸ‡¹,Portugal
PW,+680,ğŸ‡µğŸ‡¼,Palau
PY,+595,ğŸ‡µğŸ‡¾,Paraguay
QA,+974,ğŸ‡¶ğŸ‡¦,Qatar
RE,+262,ğŸ‡·ğŸ‡ª,Reunion
RO,+40,ğŸ‡·ğŸ‡´,Romania
RS,+381,ğŸ‡·ğŸ‡¸,Serbia
RU,+7,+7 3,+7 4,+7 8,ğŸ‡·ğŸ‡º,Russian Federation
RW,+250,ğŸ‡·ğŸ‡¼,Rwanda
SA,+966,ğŸ‡¸ğŸ‡¦,Saudi Arabia
SB,+677,ğŸ‡¸ğŸ‡§,Solomon Islands
SC,+248,ğŸ‡¸ğŸ‡¨,Seychelles
SD,+249,ğŸ‡¸ğŸ‡©,Sudan
SE,+46,ğŸ‡¸ğŸ‡ª,Sweden
SG,+65,ğŸ‡¸ğŸ‡¬,Singapore
SH,+290,ğŸ‡¸ğŸ‡­,Saint Helena, Ascension And Tristan Da Cunha
SI,+386,ğŸ‡¸ğŸ‡®,Slovenia
SJ,+47,ğŸ‡¸ğŸ‡¯,Svalbard And Jan Mayen
SK,+421,ğŸ‡¸ğŸ‡°,Slovakia
SL,+232,ğŸ‡¸ğŸ‡±,Sierra Leone
SM,+378,ğŸ‡¸ğŸ‡²,San Marino
SN,+221,ğŸ‡¸ğŸ‡³,Senegal
SO,+252,ğŸ‡¸ğŸ‡´,Somalia
SR,+597,ğŸ‡¸ğŸ‡·,Suriname
SS,+211,ğŸ‡¸ğŸ‡¸,South Sudan
ST,+239,ğŸ‡¸ğŸ‡¹,Sao Tome and Principe
SV,+503,ğŸ‡¸ğŸ‡»,El Salvador
SX,+1 721,ğŸ‡¸ğŸ‡½,Sint Maarten
SY,+963,ğŸ‡¸ğŸ‡¾,Syrian Arab Republic
SZ,+268,ğŸ‡¸ğŸ‡¿,Swaziland
TA,+290,,Tristan de Cunha
TC,+1 649,ğŸ‡¹ğŸ‡¨,Turks And Caicos Islands
TD,+235,ğŸ‡¹ğŸ‡©,Chad
TG,+228,ğŸ‡¹ğŸ‡¬,Togo
TH,+66,ğŸ‡¹ğŸ‡­,Thailand
TJ,+992,ğŸ‡¹ğŸ‡¯,Tajikistan
TK,+690,ğŸ‡¹ğŸ‡°,Tokelau
TL,+670,ğŸ‡¹ğŸ‡±,Timor-Leste, Democratic Republic of
TM,+993,ğŸ‡¹ğŸ‡²,Turkmenistan
TN,+216,ğŸ‡¹ğŸ‡³,Tunisia
TO,+676,ğŸ‡¹ğŸ‡´,Tonga
TR,+90,ğŸ‡¹ğŸ‡·,Turkey
TT,+1 868,ğŸ‡¹ğŸ‡¹,Trinidad And Tobago
TV,+688,ğŸ‡¹ğŸ‡»,Tuvalu
TW,+886,ğŸ‡¹ğŸ‡¼,Taiwan
TZ,+255,ğŸ‡¹ğŸ‡¿,Tanzania, United Republic Of
UA,+380,ğŸ‡ºğŸ‡¦,Ukraine
UG,+256,ğŸ‡ºğŸ‡¬,Uganda
UM,+1,ğŸ‡ºğŸ‡²,United States Minor Outlying Islands
US,+1,ğŸ‡ºğŸ‡¸,United States
UY,+598,ğŸ‡ºğŸ‡¾,Uruguay
UZ,+998,ğŸ‡ºğŸ‡¿,Uzbekistan
VA,+379,+39,ğŸ‡»ğŸ‡¦,Vatican City State
VC,+1 784,ğŸ‡»ğŸ‡¨,Saint Vincent And The Grenadines
VE,+58,ğŸ‡»ğŸ‡ª,Venezuela, Bolivarian Republic Of
VG,+1 284,ğŸ‡»ğŸ‡¬,Virgin Islands (British)
VI,+1 340,ğŸ‡»ğŸ‡®,Virgin Islands (US)
VN,+84,ğŸ‡»ğŸ‡³,Viet Nam
VU,+678,ğŸ‡»ğŸ‡º,Vanuatu
WF,+681,ğŸ‡¼ğŸ‡«,Wallis And Futuna
WS,+685,ğŸ‡¼ğŸ‡¸,Samoa
XK,+383,,Kosovo
YE,+967,ğŸ‡¾ğŸ‡ª,Yemen
YT,+262,ğŸ‡¾ğŸ‡¹,Mayotte
ZA,+27,ğŸ‡¿ğŸ‡¦,South Africa
ZM,+260,ğŸ‡¿ğŸ‡²,Zambia
ZW,+263,ğŸ‡¿ğŸ‡¼,Zimbabwe
